Emplacados,Categoria,Fabricante,Modelo,Preco,SalarioMinimo,Dolar,TaxaJuros,Ano,Mes,Mes1,Tipo
9435,Automoveis,VW,GOL,,,,,2022,6,1,Entrada
7938,Automoveis,HYUNDAI,HB20,,,,,2022,6,1,Hatch Pequenos
6309,Automoveis,VW,T_CROSS,,,,,2022,6,1,SUV
6104,Automoveis,JEEP,COMPASS,,,,,2022,6,1,SUV
6047,Automoveis,FIAT,CRONOS,,,,,2022,6,1,Sedans Pequenos
5924,Automoveis,HYUNDAI,CRETA,,,,,2022,6,1,SUV
5312,Automoveis,GM,TRACKER,,,,,2022,6,1,SUV
5043,Automoveis,RENAULT,KWID,,,,,2022,6,1,Entrada
4839,Automoveis,FIAT,PULSE,,,,,2022,6,1,SUV
4725,Automoveis,FIAT,MOBI,,,,,2022,6,1,Entrada
4349,Automoveis,PEUGEOT,208,,,,,2022,6,1,Hatch Pequenos
4315,Automoveis,NISSAN,KICKS,,,,,2022,6,1,SUV
4123,Automoveis,JEEP,RENEGADE,,,,,2022,6,1,SUV
3949,Automoveis,GM,ONIX,,,,,2022,6,1,Hatch Pequenos
3920,Automoveis,TOYOTA,COROLLA_CROSS,,,,,2022,6,1,SUV
3874,Automoveis,GM,ONIX_PLUS,,,,,2022,6,1,Sedans Compactos
3834,Automoveis,TOYOTA,COROLLA,,,,,2022,6,1,Sedans médios
3664,Automoveis,CITROEN,C4_CACTUS,,,,,2022,6,1,SUV
3603,Automoveis,VW,VOYAGE,,,,,2022,6,1,Sedans Pequenos
3097,Automoveis,FIAT,ARGO,,,,,2022,6,1,Hatch Pequenos
2930,Automoveis,VW,NIVUS,,,,,2022,6,1,SUV
2499,Automoveis,HYUNDAI,HB20S,,,,,2022,6,1,Sedans Pequenos
2431,Automoveis,HONDA,CITY,,,,,2022,6,1,Sedans Compactos
2239,Automoveis,TOYOTA,YARIS_HB,,,,,2022,6,1,Hatch Pequenos
1839,Automoveis,RENAULT,DUSTER,,,,,2022,6,1,SUV
1564,Automoveis,HONDA,CITY_HATCH,,,,,2022,6,1,Hatch Pequenos
1539,Automoveis,GM,SPIN,,,,,2022,6,1,Grandcab
1426,Automoveis,JEEP,COMMANDER,,,,,2022,6,1,SUV
1276,Automoveis,TOYOTA,YARIS_SEDAN,,,,,2022,6,1,Sedans Compactos
1169,Automoveis,TOYOTA,HILUX_SW4,,,,,2022,6,1,SUV
1062,Automoveis,RENAULT,SANDERO,,,,,2022,6,1,Hatch Pequenos
1028,Automoveis,CAOA_CHERY,TIGGO_5X,,,,,2022,6,1,SUV
946,Automoveis,GM,CRUZE_SEDAN,,,,,2022,6,1,Sedans médios
910,Automoveis,CAOA_CHERY,TIGGO_8,,,,,2022,6,1,SUV
895,Automoveis,RENAULT,LOGAN,,,,,2022,6,1,Sedans Pequenos
837,Automoveis,VW,TAOS,,,,,2022,6,1,SUV
744,Automoveis,CAOA_CHERY,TIGGO_7,,,,,2022,6,1,SUV
470,Automoveis,BMW,X1,,,,,2022,6,1,SUV
415,Automoveis,VW,VIRTUS,,,,,2022,6,1,Sedans Compactos
364,Automoveis,NISSAN,VERSA,,,,,2022,6,1,Sedans Pequenos
358,Automoveis,MITSUBISHI,ECLIPSE_CROSS,,,,,2022,6,1,SUV
317,Automoveis,BMW,320I,,,,,2022,6,1,Sedans Grandes
248,Automoveis,VW,POLO,,,,,2022,6,1,Hatch Pequenos
246,Automoveis,BMW,X3,,,,,2022,6,1,SUV
240,Automoveis,HYUNDAI,TUCSON,,,,,2022,6,1,SUV
229,Automoveis,FORD,BRONCO,,,,,2022,6,1,SUV
227,Automoveis,GM,EQUINOX,,,,,2022,6,1,SUV
209,Automoveis,RENAULT,CAPTUR,,,,,2022,6,1,SUV
178,Automoveis,VW,JETTA,,,,,2022,6,1,Sedans médios
9840,Comercial,FIAT,STRADA,,,,,2022,6,1,Pick-up's Pequenas
4481,Comercial,FIAT,TORO,,,,,2022,6,1,Pick-up's Grandes
3845,Comercial,TOYOTA,HILUX,,,,,2022,6,1,Pick-up's Grandes
2965,Comercial,GM,S10,,,,,2022,6,1,Pick-up's Grandes
1654,Comercial,MITSUBISHI,L200,,,,,2022,6,1,Pick-up's Grandes
1572,Comercial,FIAT,FIORINO,,,,,2022,6,1,Furgões Pequenos
1335,Comercial,FORD,RANGER,,,,,2022,6,1,Pick-up's Grandes
931,Comercial,RENAULT,OROCH,,,,,2022,6,1,Pick-up's Grandes
792,Comercial,NISSAN,FRONTIER,,,,,2022,6,1,Pick-up's Grandes
755,Comercial,VW,SAVEIRO,,,,,2022,6,1,Pick-up's Pequenas
663,Comercial,RENAULT,MASTER,,,,,2022,6,1,Furgões
393,Comercial,RENAULT,KANGOO,,,,,2022,6,1,Furgões
339,Comercial,PEUGEOT,EXPERT,,,,,2022,6,1,Furgões
278,Comercial,CITROEN,JUMPY,,,,,2022,6,1,Furgões
243,Comercial,FORD,MAVERICK,,,,,2022,6,1,Pick-up's Grandes
230,Comercial,KIA,K2500,,,,,2022,6,1,Furgões
164,Comercial,IVECO,DAILY 35-150,,,,,2022,6,1,Caminhão
154,Comercial,VW,MAN/EXPRESS,,,,,2022,6,1,Caminhão
151,Comercial,RAM,3500,,,,,2022,6,1,Pick-up's Grandes
150,Comercial,RAM,1500,,,,,2022,6,1,Pick-up's Grandes
131,Comercial,FIAT,DUCATO,,,,,2022,6,1,Outros
108,Comercial,FORD,TRANSIT,,,,,2022,6,1,Furgões
91,Comercial,PEUGEOT,PARTNER,,,,,2022,6,1,Furgões Pequenos
85,Comercial,MBENZ,SPRINTER 314,,,,,2022,6,1,Furgões
83,Comercial,VW,AMAROK,,,,,2022,6,1,Pick-up's Grandes
78,Comercial,IVECO,DAILY 30-130,,,,,2022,6,1,Caminhão
70,Comercial,IVECO,DAILY,,,,,2022,6,1,Furgões
70,Comercial,EFFA,V21,,,,,2022,6,1,Caminhão
52,Comercial,RAM,2500,,,,,2022,6,1,Pick-up's Grandes
35,Comercial,HYUNDAI,HR,,,,,2022,6,1,Caminhão
18,Comercial,MBENZ,SPRINTER,,,,,2022,6,1,Furgões
16,Comercial,PEUGEOT,BOXER,,,,,2022,6,1,Furgões
14,Comercial,EFFA,V22,,,,,2022,6,1,Caminhão
12,Comercial,CITROEN,JUMPER,,,,,2022,6,1,Furgões
12,Comercial,FIAT,SCUDO,,,,,2022,6,1,Furgões
11,Comercial,FOTON,AUMARK 35-14DT,,,,,2022,6,1,Caminhão
8,Comercial,MBENZ,SPRINTER 315,,,,,2022,6,1,Furgões
8,Comercial,MBENZ,SPRINTER 416,,,,,2022,6,1,Furgões
7,Comercial,JAC,v260,,,,,2022,6,1,Caminhão
7,Comercial,FOTON,AUMARK 1039,,,,,2022,6,1,Caminhão
5,Comercial,KIA,UK2500,,,,,2022,6,1,Caminhão
4,Comercial,GM,MONTANA,,,,,2022,6,1,Pick-up's Pequenas
3,Comercial,EFFA,V25,,,,,2022,6,1,Outros
3,Comercial,JAC,IEV750,,,,,2022,6,1,Outros
2,Comercial,FORD,F1000,,,,,2022,6,1,Outros
2,Comercial,FORD,F150,,,,,2022,6,1,Outros
2,Comercial,EFFA,K01,,,,,2022,6,1,Outros
2,Comercial,JAC,IEV 330P,,,,,2022,6,1,Outros
1,Comercial,CITROEN,BERLINGO,,,,,2022,6,1,Outros
11925,Automoveis,VW,GOL,,,,,2022,7,2,Entrada
8837,Automoveis,GM,ONIX,,,,,2022,7,2,Hatch Pequenos
8156,Automoveis,HYUNDAI,HB20,,,,,2022,7,2,Hatch Pequenos
8135,Automoveis,GM,ONIX_PLUS,,,,,2022,7,2,Sedans Compactos
6103,Automoveis,FIAT,ARGO,,,,,2022,7,2,Hatch Pequenos
5998,Automoveis,GM,TRACKER,,,,,2022,7,2,SUV
5300,Automoveis,FIAT,PULSE,,,,,2022,7,2,SUV
5221,Automoveis,NISSAN,KICKS,,,,,2022,7,2,SUV
5125,Automoveis,HYUNDAI,CRETA,,,,,2022,7,2,SUV
4776,Automoveis,VW,VOYAGE,,,,,2022,7,2,Sedans Pequenos
4489,Automoveis,RENAULT,KWID,,,,,2022,7,2,Entrada
4402,Automoveis,JEEP,COMPASS,,,,,2022,7,2,SUV
4264,Automoveis,JEEP,RENEGADE,,,,,2022,7,2,SUV
4035,Automoveis,TOYOTA,COROLLA,,,,,2022,7,2,Sedans médios
3829,Automoveis,FIAT,CRONOS,,,,,2022,7,2,Sedans Pequenos
3614,Automoveis,TOYOTA,COROLLA_CROSS,,,,,2022,7,2,SUV
3535,Automoveis,VW,T_CROSS,,,,,2022,7,2,SUV
3493,Automoveis,FIAT,MOBI,,,,,2022,7,2,Entrada
2995,Automoveis,VW,NIVUS,,,,,2022,7,2,SUV
2803,Automoveis,PEUGEOT,208,,,,,2022,7,2,Hatch Pequenos
2342,Automoveis,HONDA,CITY,,,,,2022,7,2,Sedans Compactos
2208,Automoveis,TOYOTA,YARIS_HB,,,,,2022,7,2,Hatch Pequenos
2039,Automoveis,RENAULT,DUSTER,,,,,2022,7,2,SUV
1609,Automoveis,HONDA,CITY_HATCH,,,,,2022,7,2,Hatch Pequenos
1483,Automoveis,JEEP,COMMANDER,,,,,2022,7,2,SUV
1350,Automoveis,TOYOTA,YARIS_SEDAN,,,,,2022,7,2,Sedans Compactos
1333,Automoveis,RENAULT,LOGAN,,,,,2022,7,2,Sedans Pequenos
1271,Automoveis,TOYOTA,HILUX_SW4,,,,,2022,7,2,SUV
1266,Automoveis,GM,SPIN,,,,,2022,7,2,Grandcab
1119,Automoveis,VW,TAOS,,,,,2022,7,2,SUV
1049,Automoveis,GM,CRUZE_SEDAN,,,,,2022,7,2,Sedans médios
958,Automoveis,HYUNDAI,HB20S,,,,,2022,7,2,Sedans Pequenos
897,Automoveis,RENAULT,SANDERO,,,,,2022,7,2,Hatch Pequenos
798,Automoveis,CITROEN,C4_CACTUS,,,,,2022,7,2,SUV
741,Automoveis,CAOA_CHERY,TIGGO_5X,,,,,2022,7,2,SUV
665,Automoveis,CAOA_CHERY,TIGGO_8,,,,,2022,7,2,SUV
556,Automoveis,CAOA_CHERY,TIGGO_7,,,,,2022,7,2,SUV
406,Automoveis,BMW,X1,,,,,2022,7,2,SUV
381,Automoveis,VW,VIRTUS,,,,,2022,7,2,Sedans Compactos
339,Automoveis,NISSAN,VERSA,,,,,2022,7,2,Sedans Pequenos
315,Automoveis,MITSUBISHI,ECLIPSE_CROSS,,,,,2022,7,2,SUV
279,Automoveis,BMW,320I,,,,,2022,7,2,Sedans Grandes
227,Automoveis,PEUGEOT,2008,,,,,2022,7,2,SUV
180,Automoveis,RENAULT,CAPTUR,,,,,2022,7,2,SUV
177,Automoveis,VW,POLO,,,,,2022,7,2,Hatch Pequenos
172,Automoveis,BMW,X3,,,,,2022,7,2,SUV
163,Automoveis,KIA,SPORTAGE,,,,,2022,7,2,SUV
162,Automoveis,FORD,BRONCO,,,,,2022,7,2,SUV
161,Automoveis,GM,EQUINOX,,,,,2022,7,2,SUV
10897,Comercial,FIAT,STRADA,,,,,2022,7,2,Pick-up's Pequenas
4333,Comercial,FIAT,TORO,,,,,2022,7,2,Pick-up's Grandes
4122,Comercial,TOYOTA,HILUX,,,,,2022,7,2,Pick-up's Grandes
2229,Comercial,GM,S10,,,,,2022,7,2,Pick-up's Grandes
1794,Comercial,MITSUBISHI,L200,,,,,2022,7,2,Pick-up's Grandes
1751,Comercial,VW,SAVEIRO,,,,,2022,7,2,Pick-up's Pequenas
1528,Comercial,FIAT,FIORINO,,,,,2022,7,2,Furgões Pequenos
1368,Comercial,RENAULT,OROCH,,,,,2022,7,2,Pick-up's Grandes
941,Comercial,RENAULT,MASTER,,,,,2022,7,2,Furgões
743,Comercial,NISSAN,FRONTIER,,,,,2022,7,2,Pick-up's Grandes
653,Comercial,FORD,RANGER,,,,,2022,7,2,Pick-up's Grandes
636,Comercial,VW,AMAROK,,,,,2022,7,2,Pick-up's Grandes
267,Comercial,RAM,3500,,,,,2022,7,2,Pick-up's Grandes
254,Comercial,KIA,K2500,,,,,2022,7,2,Furgões
225,Comercial,PEUGEOT,EXPERT,,,,,2022,7,2,Furgões
210,Comercial,RAM,1500,,,,,2022,7,2,Pick-up's Grandes
185,Comercial,VW,MAN/EXPRESS,,,,,2022,7,2,Caminhão
183,Comercial,FORD,MAVERICK,,,,,2022,7,2,Pick-up's Grandes
165,Comercial,CITROEN,JUMPY,,,,,2022,7,2,Furgões
162,Comercial,FORD,TRANSIT,,,,,2022,7,2,Furgões
136,Comercial,PEUGEOT,PARTNER,,,,,2022,7,2,Furgões Pequenos
113,Comercial,IVECO,DAILY 35-150,,,,,2022,7,2,Caminhão
106,Comercial,IVECO,DAILY,,,,,2022,7,2,Furgões
74,Comercial,EFFA,V21,,,,,2022,7,2,Caminhão
68,Comercial,RAM,2500,,,,,2022,7,2,Pick-up's Grandes
62,Comercial,MBENZ,SPRINTER 314,,,,,2022,7,2,Furgões
60,Comercial,FIAT,SCUDO,,,,,2022,7,2,Furgões
60,Comercial,MBENZ,SPRINTER 315,,,,,2022,7,2,Furgões
54,Comercial,FIAT,DUCATO,,,,,2022,7,2,Outros
29,Comercial,IVECO,DAILY 30-130,,,,,2022,7,2,Caminhão
26,Comercial,HYUNDAI,HR,,,,,2022,7,2,Caminhão
20,Comercial,EFFA,V22,,,,,2022,7,2,Caminhão
13,Comercial,CITROEN,JUMPER,,,,,2022,7,2,Furgões
13,Comercial,PEUGEOT,BOXER,,,,,2022,7,2,Furgões
12,Comercial,MBENZ,SPRINTER 416,,,,,2022,7,2,Furgões
11,Comercial,MBENZ,SPRINTER,,,,,2022,7,2,Furgões
10,Comercial,JAC,v260,,,,,2022,7,2,Caminhão
9,Comercial,JEEP,GLADIATOR,,,,,2022,7,2,Pick-up's Grandes
7,Comercial,FOTON,AUMARK 35-14DT,,,,,2022,7,2,Caminhão
6,Comercial,FOTON,AUMARK 1039,,,,,2022,7,2,Caminhão
6,Comercial,BYD,T3,,,,,2022,7,2,Furgões
5,Comercial,GM,SILVERADO,,,,,2022,7,2, Pick-up's Grandes
5,Comercial,RENAULT,KANGOO,,,,,2022,7,2,Furgões
4,Comercial,KIA,UK2500,,,,,2022,7,2,Outros
3,Comercial,EFFA,V25,,,,,2022,7,2,Outros
2,Comercial,FORD,F150,,,,,2022,7,2,Outros
2,Comercial,TOYOTA,BANDEIRANTE,,,,,2022,7,2,Outros
1,Comercial,AGRALE,AGRALE MARRUA,,,,,2022,7,2,Outros
1,Comercial,FORD,PAMPA,,,,,2022,7,2,Outros
11719,Automoveis,VW,GOL,,,,,2022,8,3,Entrada
10919,Automoveis,HYUNDAI,HB20,,,,,2022,8,3,Hatch Pequenos
9821,Automoveis,GM,ONIX,,,,,2022,8,3,Hatch Pequenos
8968,Automoveis,GM,ONIX_PLUS,,,,,2022,8,3,Sedans Compactos
7613,Automoveis,FIAT,MOBI,,,,,2022,8,3,Entrada
7594,Automoveis,FIAT,ARGO,,,,,2022,8,3,Hatch Pequenos
6829,Automoveis,RENAULT,KWID,,,,,2022,8,3,Entrada
6708,Automoveis,GM,TRACKER,,,,,2022,8,3,SUV
6194,Automoveis,VW,T_CROSS,,,,,2022,8,3,SUV
5806,Automoveis,HYUNDAI,CRETA,,,,,2022,8,3,SUV
5564,Automoveis,VW,VOYAGE,,,,,2022,8,3,Sedans Pequenos
5284,Automoveis,JEEP,COMPASS,,,,,2022,8,3,SUV
4771,Automoveis,FIAT,PULSE,,,,,2022,8,3,SUV
4654,Automoveis,JEEP,RENEGADE,,,,,2022,8,3,SUV
4250,Automoveis,NISSAN,KICKS,,,,,2022,8,3,SUV
3757,Automoveis,FIAT,CRONOS,,,,,2022,8,3,Sedans Pequenos
3386,Automoveis,TOYOTA,COROLLA,,,,,2022,8,3,Sedans médios
3380,Automoveis,VW,NIVUS,,,,,2022,8,3,SUV
3250,Automoveis,TOYOTA,COROLLA_CROSS,,,,,2022,8,3,SUV
2825,Automoveis,PEUGEOT,208,,,,,2022,8,3,Hatch Pequenos
2338,Automoveis,JEEP,COMMANDER,,,,,2022,8,3,SUV
2235,Automoveis,TOYOTA,YARIS_HB,,,,,2022,8,3,Hatch Pequenos
2087,Automoveis,RENAULT,DUSTER,,,,,2022,8,3,SUV
2084,Automoveis,HONDA,CITY,,,,,2022,8,3,Sedans Compactos
1983,Automoveis,CITROEN,C4_CACTUS,,,,,2022,8,3,SUV
1667,Automoveis,VW,TAOS,,,,,2022,8,3,SUV
1515,Automoveis,GM,SPIN,,,,,2022,8,3,Grandcab
1504,Automoveis,HONDA,CITY_HATCH,,,,,2022,8,3,Hatch Pequenos
1221,Automoveis,TOYOTA,HILUX_SW4,,,,,2022,8,3,SUV
1188,Automoveis,CAOA_CHERY,TIGGO_8,,,,,2022,8,3,SUV
1174,Automoveis,TOYOTA,YARIS_SEDAN,,,,,2022,8,3,Sedans Compactos
1002,Automoveis,RENAULT,SANDERO,,,,,2022,8,3,Hatch Pequenos
997,Automoveis,HYUNDAI,HB20S,,,,,2022,8,3,Sedans Pequenos
983,Automoveis,CAOA_CHERY,TIGGO_7,,,,,2022,8,3,SUV
889,Automoveis,GM,CRUZE_SEDAN,,,,,2022,8,3,Sedans médios
763,Automoveis,CAOA_CHERY,TIGGO_5X,,,,,2022,8,3,SUV
687,Automoveis,RENAULT,LOGAN,,,,,2022,8,3,Sedans Pequenos
487,Automoveis,BMW,X1,,,,,2022,8,3,SUV
486,Automoveis,HONDA,HR-V,,,,,2022,8,3,SUV
400,Automoveis,MITSUBISHI,ECLIPSE_CROSS,,,,,2022,8,3,SUV
367,Automoveis,VW,VIRTUS,,,,,2022,8,3,Sedans Compactos
266,Automoveis,NISSAN,VERSA,,,,,2022,8,3,Sedans Pequenos
245,Automoveis,GM,TRAILBLAZER,,,,,2022,8,3,SUV
217,Automoveis,BMW,320I,,,,,2022,8,3,Sedans Grandes
188,Automoveis,AUDI,Q3,,,,,2022,8,3,SUV
170,Automoveis,BMW,X5,,,,,2022,8,3,SUV
162,Automoveis,LAND ROVER,DISCOVERY,,,,,2022,8,3,SUV
146,Automoveis,TOYOTA,RAV4,,,,,2022,8,3,SUV
145,Automoveis,AUDI,Q5,,,,,2022,8,3,SUV
14157,Comercial,FIAT,STRADA,,,,,2022,8,3,Pick-up's Pequenas
4290,Comercial,FIAT,TORO,,,,,2022,8,3,Pick-up's Grandes
3979,Comercial,TOYOTA,HILUX,,,,,2022,8,3,Pick-up's Grandes
2836,Comercial,VW,SAVEIRO,,,,,2022,8,3,Pick-up's Pequenas
2115,Comercial,GM,S10,,,,,2022,8,3,Pick-up's Grandes
1897,Comercial,FIAT,FIORINO,,,,,2022,8,3,Furgões Pequenos
1371,Comercial,FORD,RANGER,,,,,2022,8,3,Pick-up's Grandes
1284,Comercial,MITSUBISHI,L200,,,,,2022,8,3,Pick-up's Grandes
1134,Comercial,RENAULT,OROCH,,,,,2022,8,3,Pick-up's Grandes
1062,Comercial,RENAULT,MASTER,,,,,2022,8,3,Furgões
897,Comercial,PEUGEOT,PARTNER,,,,,2022,8,3,Furgões Pequenos
719,Comercial,VW,AMAROK,,,,,2022,8,3,Pick-up's Grandes
600,Comercial,NISSAN,FRONTIER,,,,,2022,8,3,Pick-up's Grandes
386,Comercial,PEUGEOT,EXPERT,,,,,2022,8,3,Furgões
299,Comercial,CITROEN,JUMPY,,,,,2022,8,3,Furgões
272,Comercial,KIA,K2500,,,,,2022,8,3,Furgões
225,Comercial,RAM,3500,,,,,2022,8,3,Pick-up's Grandes
200,Comercial,VW,MAN/EXPRESS,,,,,2022,8,3,Caminhão
182,Comercial,FORD,TRANSIT,,,,,2022,8,3,Furgões
174,Comercial,RAM,1500,,,,,2022,8,3,Pick-up's Grandes
161,Comercial,FORD,MAVERICK,,,,,2022,8,3,Pick-up's Grandes
154,Comercial,IVECO,DAILY,,,,,2022,8,3,Furgões
107,Comercial,RAM,2500,,,,,2022,8,3,Pick-up's Grandes
71,Comercial,FIAT,SCUDO,,,,,2022,8,3,Furgões
65,Comercial,MBENZ,SPRINTER 315,,,,,2022,8,3,Furgões
60,Comercial,EFFA,V21,,,,,2022,8,3,Caminhão
55,Comercial,JEEP,GLADIATOR,,,,,2022,8,3,Pick-up's Grandes
40,Comercial,FIAT,DUCATO,,,,,2022,8,3,Outros
40,Comercial,IVECO,DAILY 35-150,,,,,2022,8,3,Caminhão
35,Comercial,IVECO,DAILY 30-130,,,,,2022,8,3,Caminhão
28,Comercial,EFFA,V22,,,,,2022,8,3,Caminhão
26,Comercial,MBENZ,SPRINTER 314,,,,,2022,8,3,Furgões
14,Comercial,HYUNDAI,HR,,,,,2022,8,3,Caminhão
14,Comercial,MBENZ,SPRINTER,,,,,2022,8,3,Furgões
13,Comercial,MBENZ,SPRINTER 416,,,,,2022,8,3,Furgões
10,Comercial,PEUGEOT,BOXER,,,,,2022,8,3,Furgões
8,Comercial,CITROEN,JUMPER,,,,,2022,8,3,Furgões
8,Comercial,JAC,v260,,,,,2022,8,3,Caminhão
7,Comercial,FOTON,AUMARK 1039,,,,,2022,8,3,Caminhão
6,Comercial,JAC,IEV750,,,,,2022,8,3,Furgões
5,Comercial,KIA,UK2500,,,,,2022,8,3,Caminhão
5,Comercial,EFFA,V25,,,,,2022,8,3,Caminhão
5,Comercial,BYD,T3,,,,,2022,8,3,Furgões
4,Comercial,EFFA,K01,,,,,2022,8,3,Outros
3,Comercial,VW,KOMBI,,,,,2022,8,3,Outros
3,Comercial,FOTON,AUMARK 35-14DT,,,,,2022,8,3,Outros
2,Comercial,AGRALE,AGRALE MARRUA,,,,,2022,8,3,Outros
2,Comercial,GM,D20,,,,,2022,8,3,Outros
2,Comercial,GM,SILVERADO,,,,,2022,8,3, Pick-up's Grandes
8836,Automoveis,HYUNDAI,HB20,,,,,2022,9,4,Hatch Pequenos
8078,Automoveis,GM,ONIX,,,,,2022,9,4,Hatch Pequenos
7781,Automoveis,GM,ONIX_PLUS,,,,,2022,9,4,Sedans Compactos
7476,Automoveis,FIAT,MOBI,,,,,2022,9,4,Entrada
7127,Automoveis,GM,TRACKER,,,,,2022,9,4,SUV
7093,Automoveis,FIAT,ARGO,,,,,2022,9,4,Hatch Pequenos
5803,Automoveis,VW,T_CROSS,,,,,2022,9,4,SUV
5773,Automoveis,VW,GOL,,,,,2022,9,4,Entrada
5719,Automoveis,RENAULT,KWID,,,,,2022,9,4,Entrada
5586,Automoveis,HYUNDAI,CRETA,,,,,2022,9,4,SUV
5047,Automoveis,JEEP,COMPASS,,,,,2022,9,4,SUV
4476,Automoveis,VW,VOYAGE,,,,,2022,9,4,Sedans Pequenos
4398,Automoveis,FIAT,PULSE,,,,,2022,9,4,SUV
3755,Automoveis,JEEP,RENEGADE,,,,,2022,9,4,SUV
3549,Automoveis,NISSAN,KICKS,,,,,2022,9,4,SUV
3360,Automoveis,TOYOTA,COROLLA,,,,,2022,9,4,Sedans médios
3066,Automoveis,FIAT,CRONOS,,,,,2022,9,4,Sedans Pequenos
3029,Automoveis,VW,NIVUS,,,,,2022,9,4,SUV
2956,Automoveis,HONDA,HR-V,,,,,2022,9,4,SUV
2861,Automoveis,TOYOTA,COROLLA_CROSS,,,,,2022,9,4,SUV
2506,Automoveis,RENAULT,DUSTER,,,,,2022,9,4,SUV
2341,Automoveis,TOYOTA,YARIS_HB,,,,,2022,9,4,Hatch Pequenos
2214,Automoveis,PEUGEOT,208,,,,,2022,9,4,Hatch Pequenos
2118,Automoveis,CITROEN,C4_CACTUS,,,,,2022,9,4,SUV
2064,Automoveis,JEEP,COMMANDER,,,,,2022,9,4,SUV
2062,Automoveis,GM,SPIN,,,,,2022,9,4,Grandcab
1742,Automoveis,HONDA,CITY,,,,,2022,9,4,Sedans Compactos
1604,Automoveis,CITROEN,C3,,,,,2022,9,4,Hatch Pequenos
1599,Automoveis,HYUNDAI,HB20S,,,,,2022,9,4,Sedans Pequenos
1593,Automoveis,CAOA_CHERY,TIGGO_8,,,,,2022,9,4,SUV
1452,Automoveis,HONDA,CITY_HATCH,,,,,2022,9,4,Hatch Pequenos
1421,Automoveis,VW,TAOS,,,,,2022,9,4,SUV
1360,Automoveis,TOYOTA,YARIS_SEDAN,,,,,2022,9,4,Sedans Compactos
834,Automoveis,RENAULT,LOGAN,,,,,2022,9,4,Sedans Pequenos
823,Automoveis,CAOA_CHERY,TIGGO_7,,,,,2022,9,4,SUV
780,Automoveis,GM,CRUZE_SEDAN,,,,,2022,9,4,Sedans médios
777,Automoveis,RENAULT,SANDERO,,,,,2022,9,4,Hatch Pequenos
758,Automoveis,TOYOTA,HILUX_SW4,,,,,2022,9,4,SUV
717,Automoveis,GM,TRAILBLAZER,,,,,2022,9,4,SUV
677,Automoveis,CAOA_CHERY,TIGGO_5X,,,,,2022,9,4,SUV
596,Automoveis,CAOA_CHERY,ICAR,,,,,2022,9,4,Hatch Pequenos
432,Automoveis,FIAT,FASTBACK,,,,,2022,9,4,SUV
426,Automoveis,MITSUBISHI,ECLIPSE_CROSS,,,,,2022,9,4,SUV
346,Automoveis,BMW,X1,,,,,2022,9,4,SUV
313,Automoveis,VW,VIRTUS,,,,,2022,9,4,Sedans Compactos
279,Automoveis,AUDI,Q3,,,,,2022,9,4,SUV
278,Automoveis,BMW,320I,,,,,2022,9,4,Sedans Grandes
241,Automoveis,AUDI,Q5,,,,,2022,9,4,SUV
238,Automoveis,HYUNDAI,IONIQ,,,,,2022,9,4,Sedans Grandes
9908,Comercial,FIAT,STRADA,,,,,2022,9,4,Pick-up's Pequenas
4608,Comercial,VW,SAVEIRO,,,,,2022,9,4,Pick-up's Pequenas
4335,Comercial,FIAT,TORO,,,,,2022,9,4,Pick-up's Grandes
4163,Comercial,TOYOTA,HILUX,,,,,2022,9,4,Pick-up's Grandes
2408,Comercial,GM,S10,,,,,2022,9,4,Pick-up's Grandes
1903,Comercial,FIAT,FIORINO,,,,,2022,9,4,Furgões Pequenos
1641,Comercial,RENAULT,OROCH,,,,,2022,9,4,Pick-up's Grandes
1429,Comercial,MITSUBISHI,L200,,,,,2022,9,4,Pick-up's Grandes
1328,Comercial,FORD,RANGER,,,,,2022,9,4,Pick-up's Grandes
1187,Comercial,RENAULT,MASTER,,,,,2022,9,4,Furgões
674,Comercial,NISSAN,FRONTIER,,,,,2022,9,4,Pick-up's Grandes
621,Comercial,VW,AMAROK,,,,,2022,9,4,Pick-up's Grandes
441,Comercial,RAM,3500,,,,,2022,9,4,Pick-up's Grandes
298,Comercial,PEUGEOT,EXPERT,,,,,2022,9,4,Furgões
284,Comercial,FORD,TRANSIT,,,,,2022,9,4,Furgões
259,Comercial,FIAT,SCUDO,,,,,2022,9,4,Furgões
255,Comercial,CITROEN,JUMPY,,,,,2022,9,4,Furgões
247,Comercial,KIA,K2500,,,,,2022,9,4,Furgões
218,Comercial,PEUGEOT,PARTNER,,,,,2022,9,4,Furgões Pequenos
178,Comercial,VW,MAN/EXPRESS,,,,,2022,9,4,Caminhão
152,Comercial,IVECO,DAILY,,,,,2022,9,4,Furgões
148,Comercial,RAM,1500,,,,,2022,9,4,Pick-up's Grandes
89,Comercial,RAM,2500,,,,,2022,9,4,Pick-up's Grandes
85,Comercial,EFFA,V21,,,,,2022,9,4,Caminhão
60,Comercial,MBENZ,SPRINTER 315,,,,,2022,9,4,Furgões
55,Comercial,FORD,MAVERICK,,,,,2022,9,4,Pick-up's Grandes
35,Comercial,JEEP,GLADIATOR,,,,,2022,9,4,Pick-up's Grandes
30,Comercial,FIAT,DUCATO,,,,,2022,9,4,Outros
24,Comercial,EFFA,V22,,,,,2022,9,4,Caminhão
23,Comercial,IVECO,DAILY 35-150,,,,,2022,9,4,Caminhão
20,Comercial,IVECO,DAILY 30-130,,,,,2022,9,4,Caminhão
18,Comercial,HYUNDAI,HR,,,,,2022,9,4,Caminhão
16,Comercial,MBENZ,SPRINTER 314,,,,,2022,9,4,Furgões
13,Comercial,MBENZ,SPRINTER,,,,,2022,9,4,Furgões
9,Comercial,CITROEN,JUMPER,,,,,2022,9,4,Furgões
7,Comercial,MBENZ,SPRINTER 416,,,,,2022,9,4,Furgões
6,Comercial,EFFA,V25,,,,,2022,9,4,Caminhão
5,Comercial,PEUGEOT,BOXER,,,,,2022,9,4,Furgões
5,Comercial,JAC,v260,,,,,2022,9,4,Caminhão
5,Comercial,FOTON,AUMARK 1039,,,,,2022,9,4,Caminhão
4,Comercial,KIA,UK2500,,,,,2022,9,4,Outros
4,Comercial,FOTON,AUMARK 35-14DT,,,,,2022,9,4,Outros
3,Comercial,FORD,F150,,,,,2022,9,4,Outros
3,Comercial,JAC,IEV750,,,,,2022,9,4,Outros
2,Comercial,TOYOTA,BANDEIRANTE,,,,,2022,9,4,Outros
1,Comercial,ENGESA,EE34,,,,,2022,9,4,Outros
1,Comercial,GM,CHEVY,,,,,2022,9,4,Outros
1,Comercial,GM,MONTANA,,,,,2022,9,4,Pick-up's Pequenas
1,Comercial,GM,SILVERADO,,,,,2022,9,4, Pick-up's Grandes
9084,Automoveis,HYUNDAI,HB20,,,,,2022,10,5,Hatch Pequenos
8496,Automoveis,GM,TRACKER,,,,,2022,10,5,SUV
7768,Automoveis,GM,ONIX,,,,,2022,10,5,Hatch Pequenos
7354,Automoveis,GM,ONIX_PLUS,,,,,2022,10,5,Sedans Compactos
6741,Automoveis,FIAT,MOBI,,,,,2022,10,5,Entrada
6628,Automoveis,FIAT,ARGO,,,,,2022,10,5,Hatch Pequenos
6041,Automoveis,RENAULT,KWID,,,,,2022,10,5,Entrada
5590,Automoveis,VW,T_CROSS,,,,,2022,10,5,SUV
5307,Automoveis,JEEP,COMPASS,,,,,2022,10,5,SUV
5048,Automoveis,HYUNDAI,CRETA,,,,,2022,10,5,SUV
4311,Automoveis,FIAT,PULSE,,,,,2022,10,5,SUV
4229,Automoveis,VW,VOYAGE,,,,,2022,10,5,Sedans Pequenos
3957,Automoveis,JEEP,RENEGADE,,,,,2022,10,5,SUV
3772,Automoveis,VW,NIVUS,,,,,2022,10,5,SUV
3716,Automoveis,FIAT,CRONOS,,,,,2022,10,5,Sedans Pequenos
3286,Automoveis,TOYOTA,COROLLA,,,,,2022,10,5,Sedans médios
3225,Automoveis,TOYOTA,COROLLA_CROSS,,,,,2022,10,5,SUV
3099,Automoveis,VW,GOL,,,,,2022,10,5,Entrada
2843,Automoveis,FIAT,FASTBACK,,,,,2022,10,5,SUV
2620,Automoveis,CITROEN,C3,,,,,2022,10,5,Hatch Pequenos
2604,Automoveis,NISSAN,KICKS,,,,,2022,10,5,SUV
2603,Automoveis,HONDA,HR-V,,,,,2022,10,5,SUV
2254,Automoveis,TOYOTA,YARIS_HB,,,,,2022,10,5,Hatch Pequenos
2155,Automoveis,HYUNDAI,HB20S,,,,,2022,10,5,Sedans Pequenos
2112,Automoveis,JEEP,COMMANDER,,,,,2022,10,5,SUV
1913,Automoveis,RENAULT,DUSTER,,,,,2022,10,5,SUV
1736,Automoveis,GM,SPIN,,,,,2022,10,5,Grandcab
1456,Automoveis,TOYOTA,YARIS_SEDAN,,,,,2022,10,5,Sedans Compactos
1322,Automoveis,HONDA,CITY_HATCH,,,,,2022,10,5,Hatch Pequenos
1232,Automoveis,PEUGEOT,208,,,,,2022,10,5,Hatch Pequenos
1171,Automoveis,CITROEN,C4_CACTUS,,,,,2022,10,5,SUV
1137,Automoveis,HONDA,CITY,,,,,2022,10,5,Sedans Compactos
989,Automoveis,VW,TAOS,,,,,2022,10,5,SUV
978,Automoveis,CAOA_CHERY,TIGGO_8,,,,,2022,10,5,SUV
869,Automoveis,TOYOTA,HILUX_SW4,,,,,2022,10,5,SUV
740,Automoveis,VW,POLO,,,,,2022,10,5,Hatch Pequenos
689,Automoveis,RENAULT,LOGAN,,,,,2022,10,5,Sedans Pequenos
588,Automoveis,RENAULT,SANDERO,,,,,2022,10,5,Hatch Pequenos
482,Automoveis,CAOA_CHERY,TIGGO_7,,,,,2022,10,5,SUV
456,Automoveis,CAOA_CHERY,TIGGO_5X,,,,,2022,10,5,SUV
454,Automoveis,BMW,320I,,,,,2022,10,5,Sedans Grandes
413,Automoveis,GM,CRUZE_SEDAN,,,,,2022,10,5,Sedans médios
382,Automoveis,VW,VIRTUS,,,,,2022,10,5,Sedans Compactos
349,Automoveis,GM,TRAILBLAZER,,,,,2022,10,5,SUV
289,Automoveis,GM,EQUINOX,,,,,2022,10,5,SUV
264,Automoveis,MITSUBISHI,ECLIPSE_CROSS,,,,,2022,10,5,SUV
264,Automoveis,VOLVO,XC40,,,,,2022,10,5,SUV
225,Automoveis,PEUGEOT,2008,,,,,2022,10,5,SUV
224,Automoveis,AUDI,Q3,,,,,2022,10,5,SUV
198,Automoveis,MBENZ,CLASSE_C,,,,,2022,10,5,Sedans Grandes
8046,Comercial,FIAT,STRADA,,,,,2022,10,5,Pick-up's Pequenas
4447,Comercial,VW,SAVEIRO,,,,,2022,10,5,Pick-up's Pequenas
4203,Comercial,TOYOTA,HILUX,,,,,2022,10,5,Pick-up's Grandes
2980,Comercial,FIAT,TORO,,,,,2022,10,5,Pick-up's Grandes
1905,Comercial,FIAT,FIORINO,,,,,2022,10,5,Furgões Pequenos
1625,Comercial,GM,S10,,,,,2022,10,5,Pick-up's Grandes
1443,Comercial,RENAULT,OROCH,,,,,2022,10,5,Pick-up's Grandes
1403,Comercial,FORD,RANGER,,,,,2022,10,5,Pick-up's Grandes
1242,Comercial,MITSUBISHI,L200,,,,,2022,10,5,Pick-up's Grandes
746,Comercial,RENAULT,MASTER,,,,,2022,10,5,Furgões
602,Comercial,NISSAN,FRONTIER,,,,,2022,10,5,Pick-up's Grandes
432,Comercial,VW,AMAROK,,,,,2022,10,5,Pick-up's Grandes
314,Comercial,PEUGEOT,EXPERT,,,,,2022,10,5,Furgões
267,Comercial,RAM,3500,,,,,2022,10,5,Pick-up's Grandes
257,Comercial,KIA,K2500,,,,,2022,10,5,Furgões
220,Comercial,FIAT,SCUDO,,,,,2022,10,5,Furgões
205,Comercial,PEUGEOT,PARTNER,,,,,2022,10,5,Furgões Pequenos
205,Comercial,RAM,1500,,,,,2022,10,5,Pick-up's Grandes
157,Comercial,FORD,TRANSIT,,,,,2022,10,5,Furgões
129,Comercial,CITROEN,JUMPY,,,,,2022,10,5,Furgões
125,Comercial,VW,MAN/EXPRESS,,,,,2022,10,5,Caminhão
121,Comercial,IVECO,DAILY,,,,,2022,10,5,Furgões
74,Comercial,EFFA,V21,,,,,2022,10,5,Caminhão
55,Comercial,MBENZ,SPRINTER315,,,,,2022,10,5,Furgões
41,Comercial,RAM,CLASSIC,,,,,2022,10,5,Sedans Pequenos
40,Comercial,FORD,MAVERICK,,,,,2022,10,5,Pick-up's Grandes
27,Comercial,EFFA,V22,,,,,2022,10,5,Caminhão
23,Comercial,RAM,2500,,,,,2022,10,5,Pick-up's Grandes
21,Comercial,HYUNDAI,HR,,,,,2022,10,5,Caminhão
17,Comercial,JEEP,GLADIATOR,,,,,2022,10,5,Pick-up's Grandes
15,Comercial,FIAT,DUCATO,,,,,2022,10,5,Outros
14,Comercial,IVECO,DAILY 30-130,,,,,2022,10,5,Caminhão
10,Comercial,MBENZ,SPRINTER416,,,,,2022,10,5,Furgões
9,Comercial,MBENZ,SPRINTER,,,,,2022,10,5,Furgões
9,Comercial,MBENZ,SPRINTER314,,,,,2022,10,5,Furgões
7,Comercial,EFFA,V25,,,,,2022,10,5,Caminhão
5,Comercial,HYUNDAI,ETRANSIT,,,,,2022,10,5,Furgões
5,Comercial,FOTON,AUMARK 35-14DT,,,,,2022,10,5,Caminhão
4,Comercial,IVECO,DAILY 35-150,,,,,2022,10,5,Outros
4,Comercial,JAC,v260,,,,,2022,10,5,Outros
3,Comercial,CITROEN,JUMPER,,,,,2022,10,5,Outros
2,Comercial,FORD,F250,,,,,2022,10,5,Outros
2,Comercial,GM,SILVERADO,,,,,2022,10,5, Pick-up's Grandes
2,Comercial,PEUGEOT,BOXER,,,,,2022,10,5,Outros
2,Comercial,HYUNDAI,AUMARK1039,,,,,2022,10,5,Outros
1,Comercial,FIAT,DOBLO,,,,,2022,10,5,Outros
1,Comercial,FORD,F75,,,,,2022,10,5,Outros
1,Comercial,GMC,SIERRA,,,,,2022,10,5,Outros
1,Comercial,TOYOTA,TUNDRA,,,,,2022,10,5,Outros
9457,Automoveis,HYUNDAI,HB20,,,,,2022,11,6,Hatch Pequenos
8724,Automoveis,FIAT,MOBI,,,,,2022,11,6,Entrada
8035,Automoveis,GM,ONIX_PLUS,,,,,2022,11,6,Sedans Compactos
7737,Automoveis,FIAT,ARGO,,,,,2022,11,6,Hatch Pequenos
7393,Automoveis,GM,ONIX,,,,,2022,11,6,Hatch Pequenos
7320,Automoveis,VW,GOL,,,,,2022,11,6,Entrada
7231,Automoveis,GM,TRACKER,,,,,2022,11,6,SUV
6575,Automoveis,FIAT,CRONOS,,,,,2022,11,6,Sedans Pequenos
6409,Automoveis,JEEP,COMPASS,,,,,2022,11,6,SUV
6182,Automoveis,RENAULT,KWID,,,,,2022,11,6,Entrada
5269,Automoveis,HYUNDAI,CRETA,,,,,2022,11,6,SUV
5174,Automoveis,VW,T_CROSS,,,,,2022,11,6,SUV
4859,Automoveis,VW,NIVUS,,,,,2022,11,6,SUV
4677,Automoveis,VW,VOYAGE,,,,,2022,11,6,Sedans Pequenos
4474,Automoveis,JEEP,RENEGADE,,,,,2022,11,6,SUV
3978,Automoveis,PEUGEOT,208,,,,,2022,11,6,Hatch Pequenos
3685,Automoveis,FIAT,PULSE,,,,,2022,11,6,SUV
3656,Automoveis,TOYOTA,COROLLA,,,,,2022,11,6,Sedans médios
3402,Automoveis,TOYOTA,COROLLA_CROSS,,,,,2022,11,6,SUV
3191,Automoveis,CITROEN,C3,,,,,2022,11,6,Hatch Pequenos
3190,Automoveis,FIAT,FASTBACK,,,,,2022,11,6,SUV
2904,Automoveis,HONDA,HR-V,,,,,2022,11,6,SUV
2607,Automoveis,NISSAN,KICKS,,,,,2022,11,6,SUV
2422,Automoveis,JEEP,COMMANDER,,,,,2022,11,6,SUV
2365,Automoveis,TOYOTA,YARIS_HB,,,,,2022,11,6,Hatch Pequenos
2245,Automoveis,RENAULT,DUSTER,,,,,2022,11,6,SUV
2152,Automoveis,VW,POLO,,,,,2022,11,6,Hatch Pequenos
1903,Automoveis,GM,SPIN,,,,,2022,11,6,Grandcab
1615,Automoveis,TOYOTA,YARIS_SEDAN,,,,,2022,11,6,Sedans Compactos
1522,Automoveis,TOYOTA,HILUX_SW4,,,,,2022,11,6,SUV
1412,Automoveis,HYUNDAI,HB20S,,,,,2022,11,6,Sedans Pequenos
1381,Automoveis,HONDA,CITY_HATCH,,,,,2022,11,6,Hatch Pequenos
1341,Automoveis,RENAULT,SANDERO,,,,,2022,11,6,Hatch Pequenos
1206,Automoveis,RENAULT,LOGAN,,,,,2022,11,6,Sedans Pequenos
1177,Automoveis,CAOA_CHERY,TIGGO_5X,,,,,2022,11,6,SUV
1149,Automoveis,VW,TAOS,,,,,2022,11,6,SUV
1147,Automoveis,HONDA,CITY,,,,,2022,11,6,Sedans Compactos
1004,Automoveis,CITROEN,C4_CACTUS,,,,,2022,11,6,SUV
776,Automoveis,CAOA_CHERY,TIGGO_8,,,,,2022,11,6,SUV
672,Automoveis,CAOA_CHERY,TIGGO_7,,,,,2022,11,6,SUV
666,Automoveis,BMW,320I,,,,,2022,11,6,Sedans Grandes
600,Automoveis,VW,VIRTUS,,,,,2022,11,6,Sedans Compactos
476,Automoveis,MITSUBISHI,ECLIPSE_CROSS,,,,,2022,11,6,SUV
371,Automoveis,GM,CRUZE_SEDAN,,,,,2022,11,6,Sedans médios
337,Automoveis,GM,TRAILBLAZER,,,,,2022,11,6,SUV
288,Automoveis,GM,EQUINOX,,,,,2022,11,6,SUV
257,Automoveis,VOLVO,XC40,,,,,2022,11,6,SUV
213,Automoveis,AUDI,Q3,,,,,2022,11,6,SUV
210,Automoveis,PEUGEOT,2008,,,,,2022,11,6,SUV
186,Automoveis,MITSUBISHI,PAJERO,,,,,2022,11,6,SUV
9240,Comercial,FIAT,STRADA,,,,,2022,11,6,Pick-up's Pequenas
4816,Comercial,TOYOTA,HILUX,,,,,2022,11,6,Pick-up's Grandes
3473,Comercial,FIAT,TORO,,,,,2022,11,6,Pick-up's Grandes
2975,Comercial,VW,SAVEIRO,,,,,2022,11,6,Pick-up's Pequenas
2111,Comercial,FIAT,FIORINO,,,,,2022,11,6,Furgões Pequenos
1410,Comercial,RENAULT,OROCH,,,,,2022,11,6,Pick-up's Grandes
1404,Comercial,GM,S10,,,,,2022,11,6,Pick-up's Grandes
1284,Comercial,FORD,RANGER,,,,,2022,11,6,Pick-up's Grandes
1252,Comercial,MITSUBISHI,L200,,,,,2022,11,6,Pick-up's Grandes
1108,Comercial,NISSAN,FRONTIER,,,,,2022,11,6,Pick-up's Grandes
774,Comercial,VW,AMAROK,,,,,2022,11,6,Pick-up's Grandes
756,Comercial,RENAULT,MASTER,,,,,2022,11,6,Furgões
304,Comercial,RAM,3500,,,,,2022,11,6,Pick-up's Grandes
274,Comercial,FORD,TRANSIT,,,,,2022,11,6,Furgões
266,Comercial,KIA,K2500,,,,,2022,11,6,Furgões
207,Comercial,RAM,CLASSIC,,,,,2022,11,6,Sedans Pequenos
184,Comercial,PEUGEOT,PARTNER,,,,,2022,11,6,Furgões Pequenos
178,Comercial,RAM,1500,,,,,2022,11,6,Pick-up's Grandes
175,Comercial,FIAT,SCUDO,,,,,2022,11,6,Furgões
167,Comercial,CITROEN,JUMPY,,,,,2022,11,6,Furgões
155,Comercial,PEUGEOT,EXPERT,,,,,2022,11,6,Furgões
139,Comercial,IVECO,DAILY,,,,,2022,11,6,Furgões
112,Comercial,VW,MAN/EXPRESS,,,,,2022,11,6,Caminhão
110,Comercial,MBENZ,SPRINTER 315,,,,,2022,11,6,Furgões
75,Comercial,EFFA,V21,,,,,2022,11,6,Caminhão
62,Comercial,FORD,MAVERICK,,,,,2022,11,6,Pick-up's Grandes
34,Comercial,EFFA,V22,,,,,2022,11,6,Caminhão
31,Comercial,RAM,2500,,,,,2022,11,6,Pick-up's Grandes
13,Comercial,MBENZ,SPRINTER,,,,,2022,11,6,Furgões
11,Comercial,MBENZ,SPRINTER 314,,,,,2022,11,6,Furgões
10,Comercial,IVECO,DAILY 30-130,,,,,2022,11,6,Caminhão
9,Comercial,JAC,IEV750,,,,,2022,11,6,Furgões
8,Comercial,FIAT,DUCATO,,,,,2022,11,6,Outros
8,Comercial,JEEP,GLADIATOR,,,,,2022,11,6,Pick-up's Grandes
4,Comercial,FORD,F150,,,,,2022,11,6,Outros
4,Comercial,MBENZ,SPRINTER 416,,,,,2022,11,6,Outros
4,Comercial,JAC,v260,,,,,2022,11,6,Outros
4,Comercial,FOTON,AUMARK 1039,,,,,2022,11,6,Outros
4,Comercial,FOTON,AUMARK 35-14DT,,,,,2022,11,6,Outros
3,Comercial,CITROEN,JUMPER,,,,,2022,11,6,Outros
3,Comercial,HYUNDAI,HR,,,,,2022,11,6,Outros
2,Comercial,GM,SILVERADO,,,,,2022,11,6, Pick-up's Grandes
2,Comercial,IVECO,DAILY 35-150,,,,,2022,11,6,Outros
2,Comercial,BYD,T3,,,,,2022,11,6,Outros
1,Comercial,FORD,F75,,,,,2022,11,6,Outros
1,Comercial,FORD,PAMPA,,,,,2022,11,6,Outros
1,Comercial,FORD,RANCHERO,,,,,2022,11,6,Pick-up's Pequenas
1,Comercial,GM,MONTANA,,,,,2022,11,6,Pick-up's Pequenas
1,Comercial,KIA,UK2500,,,,,2022,11,6,Outros
1,Comercial,MBENZ,EQV 300,,,,,2022,11,6,Outros
9511,Automoveis,GM,ONIX,,,,,2022,12,7,Hatch Pequenos
9166,Automoveis,VW,GOL,,,,,2022,12,7,Entrada
8283,Automoveis,GM,TRACKER,,,,,2022,12,7,SUV
8030,Automoveis,GM,ONIX_PLUS,,,,,2022,12,7,Sedans Compactos
7258,Automoveis,FIAT,MOBI,,,,,2022,12,7,Entrada
6970,Automoveis,HYUNDAI,HB20,,,,,2022,12,7,Hatch Pequenos
6737,Automoveis,FIAT,ARGO,,,,,2022,12,7,Hatch Pequenos
6572,Automoveis,HYUNDAI,CRETA,,,,,2022,12,7,SUV
6182,Automoveis,VW,T_CROSS,,,,,2022,12,7,SUV
6092,Automoveis,JEEP,COMPASS,,,,,2022,12,7,SUV
5420,Automoveis,JEEP,RENEGADE,,,,,2022,12,7,SUV
5083,Automoveis,RENAULT,KWID,,,,,2022,12,7,Entrada
4756,Automoveis,VW,NIVUS,,,,,2022,12,7,SUV
4598,Automoveis,FIAT,CRONOS,,,,,2022,12,7,Sedans Pequenos
4330,Automoveis,TOYOTA,COROLLA,,,,,2022,12,7,Sedans médios
4019,Automoveis,FIAT,PULSE,,,,,2022,12,7,SUV
4002,Automoveis,VW,VOYAGE,,,,,2022,12,7,Sedans Pequenos
3894,Automoveis,TOYOTA,COROLLA_CROSS,,,,,2022,12,7,SUV
3667,Automoveis,NISSAN,KICKS,,,,,2022,12,7,SUV
3411,Automoveis,FIAT,FASTBACK,,,,,2022,12,7,SUV
3271,Automoveis,CITROEN,C3,,,,,2022,12,7,Hatch Pequenos
3221,Automoveis,TOYOTA,YARIS_HB,,,,,2022,12,7,Hatch Pequenos
3198,Automoveis,HONDA,HR-V,,,,,2022,12,7,SUV
2920,Automoveis,HYUNDAI,HB20S,,,,,2022,12,7,Sedans Pequenos
2887,Automoveis,VW,POLO,,,,,2022,12,7,Hatch Pequenos
2432,Automoveis,GM,SPIN,,,,,2022,12,7,Grandcab
2281,Automoveis,JEEP,COMMANDER,,,,,2022,12,7,SUV
2268,Automoveis,RENAULT,DUSTER,,,,,2022,12,7,SUV
2004,Automoveis,TOYOTA,YARIS_SEDAN,,,,,2022,12,7,Sedans Compactos
1787,Automoveis,PEUGEOT,208,,,,,2022,12,7,Hatch Pequenos
1507,Automoveis,HONDA,CITY_HATCH,,,,,2022,12,7,Hatch Pequenos
1495,Automoveis,VW,TAOS,,,,,2022,12,7,SUV
1380,Automoveis,TOYOTA,HILUX_SW4,,,,,2022,12,7,SUV
1365,Automoveis,RENAULT,SANDERO,,,,,2022,12,7,Hatch Pequenos
1324,Automoveis,HONDA,CITY,,,,,2022,12,7,Sedans Compactos
916,Automoveis,RENAULT,LOGAN,,,,,2022,12,7,Sedans Pequenos
880,Automoveis,CAOA_CHERY,TIGGO_7,,,,,2022,12,7,SUV
796,Automoveis,VW,VIRTUS,,,,,2022,12,7,Sedans Compactos
758,Automoveis,CITROEN,C4_CACTUS,,,,,2022,12,7,SUV
745,Automoveis,BMW,320I,,,,,2022,12,7,Sedans Grandes
715,Automoveis,CAOA_CHERY,TIGGO_8,,,,,2022,12,7,SUV
689,Automoveis,CAOA_CHERY,TIGGO_5X,,,,,2022,12,7,SUV
482,Automoveis,NISSAN,VERSA,,,,,2022,12,7,Sedans Pequenos
356,Automoveis,GM,EQUINOX,,,,,2022,12,7,SUV
349,Automoveis,MITSUBISHI,PAJERO,,,,,2022,12,7,SUV
312,Automoveis,VOLVO,XC60,,,,,2022,12,7,SUV
309,Automoveis,VOLVO,XC40,,,,,2022,12,7,SUV
296,Automoveis,GM,TRAILBLAZER,,,,,2022,12,7,SUV
284,Automoveis,MITSUBISHI,ECLIPSE_CROSS,,,,,2022,12,7,SUV
9169,Comercial,FIAT,STRADA,,,,,2022,12,7,Pick-up's Pequenas
5783,Comercial,TOYOTA,HILUX,,,,,2022,12,7,Pick-up's Grandes
4296,Comercial,FIAT,TORO,,,,,2022,12,7,Pick-up's Grandes
3374,Comercial,GM,S10,,,,,2022,12,7,Pick-up's Grandes
3024,Comercial,VW,SAVEIRO,,,,,2022,12,7,Pick-up's Pequenas
2019,Comercial,FIAT,FIORINO,,,,,2022,12,7,Furgões Pequenos
1594,Comercial,FORD,RANGER,,,,,2022,12,7,Pick-up's Grandes
1589,Comercial,MITSUBISHI,L200,,,,,2022,12,7,Pick-up's Grandes
1192,Comercial,RENAULT,OROCH,,,,,2022,12,7,Pick-up's Grandes
945,Comercial,NISSAN,FRONTIER,,,,,2022,12,7,Pick-up's Grandes
894,Comercial,RENAULT,MASTER,,,,,2022,12,7,Furgões
888,Comercial,VW,AMAROK,,,,,2022,12,7,Pick-up's Grandes
555,Comercial,FORD,TRANSIT,,,,,2022,12,7,Furgões
452,Comercial,RAM,3500,,,,,2022,12,7,Pick-up's Grandes
304,Comercial,RAM,CLASSIC,,,,,2022,12,7,Sedans Pequenos
236,Comercial,FIAT,SCUDO,,,,,2022,12,7,Furgões
235,Comercial,PEUGEOT,PARTNER,,,,,2022,12,7,Furgões Pequenos
226,Comercial,KIA,K2500,,,,,2022,12,7,Furgões
184,Comercial,PEUGEOT,EXPERT,,,,,2022,12,7,Furgões
152,Comercial,CITROEN,JUMPY,,,,,2022,12,7,Furgões
150,Comercial,VW,MAN/EXPRESS,,,,,2022,12,7,Caminhão
138,Comercial,RAM,2500,,,,,2022,12,7,Pick-up's Grandes
128,Comercial,FORD,MAVERICK,,,,,2022,12,7,Pick-up's Grandes
114,Comercial,IVECO,DAILY,,,,,2022,12,7,Furgões
112,Comercial,RAM,1500,,,,,2022,12,7,Pick-up's Grandes
64,Comercial,MBENZ,SPRINTER 315,,,,,2022,12,7,Furgões
59,Comercial,EFFA,V21,,,,,2022,12,7,Caminhão
21,Comercial,EFFA,V22,,,,,2022,12,7,Caminhão
16,Comercial,FORD,F150,,,,,2022,12,7,Outros
11,Comercial,FIAT,DUCATO,,,,,2022,12,7,Outros
10,Comercial,IVECO,DAILY 30-130,,,,,2022,12,7,Caminhão
8,Comercial,MBENZ,SPRINTER,,,,,2022,12,7,Furgões
7,Comercial,EFFA,V25,,,,,2022,12,7,Caminhão
6,Comercial,JEEP,GLADIATOR,,,,,2022,12,7,Pick-up's Grandes
4,Comercial,HYUNDAI,HR,,,,,2022,12,7,Outros
4,Comercial,MBENZ,SPRINTER 314,,,,,2022,12,7,Outros
4,Comercial,MBENZ,SPRINTER 416,,,,,2022,12,7,Outros
4,Comercial,JAC,v260,,,,,2022,12,7,Outros
4,Comercial,FOTON,AUMARK 35-14DT,,,,,2022,12,7,Outros
3,Comercial,CITROEN,JUMPER,,,,,2022,12,7,Outros
3,Comercial,IVECO,DAILY 35-150,,,,,2022,12,7,Outros
3,Comercial,JAC,IEV 330P,,,,,2022,12,7,Outros
3,Comercial,FOTON,AUMARK 1039,,,,,2022,12,7,Outros
2,Comercial,GM,SILVERADO,,,,,2022,12,7, Pick-up's Grandes
2,Comercial,IVECO,DAILY 30S13,,,,,2022,12,7,Outros
2,Comercial,KIA,UK2500,,,,,2022,12,7,Outros
1,Comercial,FORD,F250,,,,,2022,12,7,Outros
1,Comercial,FORD,RANCHERO,,,,,2022,12,7,Pick-up's Pequenas
1,Comercial,GM,C10,,,,,2022,12,7,Outros
7162,Automoveis,GM,ONIX,,,,,2023,1,8,Hatch Pequenos
6164,Automoveis,GM,ONIX_PLUS,,,,,2023,1,8,Sedans Compactos
5296,Automoveis,GM,TRACKER,,,,,2023,1,8,SUV
4969,Automoveis,HYUNDAI,CRETA,,,,,2023,1,8,SUV
4840,Automoveis,HYUNDAI,HB20,,,,,2023,1,8,Hatch Pequenos
4454,Automoveis,VW,T_CROSS,,,,,2023,1,8,SUV
4282,Automoveis,FIAT,ARGO,,,,,2023,1,8,Hatch Pequenos
4208,Automoveis,FIAT,MOBI,,,,,2023,1,8,Entrada
4139,Automoveis,JEEP,COMPASS,,,,,2023,1,8,SUV
3387,Automoveis,VW,GOL,,,,,2023,1,8,Entrada
3307,Automoveis,RENAULT,KWID,,,,,2023,1,8,Entrada
3100,Automoveis,VW,NIVUS,,,,,2023,1,8,SUV
3049,Automoveis,JEEP,RENEGADE,,,,,2023,1,8,SUV
3015,Automoveis,FIAT,PULSE,,,,,2023,1,8,SUV
2984,Automoveis,NISSAN,KICKS,,,,,2023,1,8,SUV
2707,Automoveis,FIAT,FASTBACK,,,,,2023,1,8,SUV
2604,Automoveis,TOYOTA,COROLLA_CROSS,,,,,2023,1,8,SUV
2481,Automoveis,FIAT,CRONOS,,,,,2023,1,8,Sedans Pequenos
2238,Automoveis,TOYOTA,COROLLA,,,,,2023,1,8,Sedans médios
2115,Automoveis,VW,POLO,,,,,2023,1,8,Hatch Pequenos
2072,Automoveis,TOYOTA,YARIS_HB,,,,,2023,1,8,Hatch Pequenos
2004,Automoveis,VW,VOYAGE,,,,,2023,1,8,Sedans Pequenos
1684,Automoveis,HYUNDAI,HB20S,,,,,2023,1,8,Sedans Pequenos
1495,Automoveis,RENAULT,DUSTER,,,,,2023,1,8,SUV
1488,Automoveis,CITROEN,C3,,,,,2023,1,8,Hatch Pequenos
1442,Automoveis,HONDA,CITY_HATCH,,,,,2023,1,8,Hatch Pequenos
1415,Automoveis,GM,SPIN,,,,,2023,1,8,Grandcab
1289,Automoveis,JEEP,COMMANDER,,,,,2023,1,8,SUV
1201,Automoveis,PEUGEOT,208,,,,,2023,1,8,Hatch Pequenos
1184,Automoveis,VW,TAOS,,,,,2023,1,8,SUV
1099,Automoveis,TOYOTA,YARIS_SEDAN,,,,,2023,1,8,Sedans Compactos
1091,Automoveis,HONDA,CITY,,,,,2023,1,8,Sedans Compactos
937,Automoveis,TOYOTA,HILUX_SW4,,,,,2023,1,8,SUV
698,Automoveis,HONDA,HR-V,,,,,2023,1,8,SUV
588,Automoveis,CAOA_CHERY,TIGGO_8,,,,,2023,1,8,SUV
578,Automoveis,VOLVO,XC60,,,,,2023,1,8,SUV
490,Automoveis,VW,VIRTUS,,,,,2023,1,8,Sedans Compactos
488,Automoveis,RENAULT,SANDERO,,,,,2023,1,8,Hatch Pequenos
372,Automoveis,CAOA_CHERY,TIGGO_7,,,,,2023,1,8,SUV
316,Automoveis,GM,EQUINOX,,,,,2023,1,8,SUV
313,Automoveis,NISSAN,VERSA,,,,,2023,1,8,Sedans Pequenos
293,Automoveis,CAOA_CHERY,TIGGO_5X,,,,,2023,1,8,SUV
286,Automoveis,RENAULT,LOGAN,,,,,2023,1,8,Sedans Pequenos
254,Automoveis,BMW,320I,,,,,2023,1,8,Sedans Grandes
253,Automoveis,CITROEN,C4_CACTUS,,,,,2023,1,8,SUV
215,Automoveis,MITSUBISHI,ECLIPSE_CROSS,,,,,2023,1,8,SUV
158,Automoveis,PEUGEOT,2008,,,,,2023,1,8,SUV
156,Automoveis,VOLVO,XC40,,,,,2023,1,8,SUV
138,Automoveis,MITSUBISHI,PAJERO,,,,,2023,1,8,SUV
7000,Comercial,FIAT,STRADA,,,,,2023,1,8,Pick-up's Pequenas
3435,Comercial,TOYOTA,HILUX,,,,,2023,1,8,Pick-up's Grandes
3281,Comercial,FIAT,TORO,,,,,2023,1,8,Pick-up's Grandes
2714,Comercial,VW,SAVEIRO,,,,,2023,1,8,Pick-up's Pequenas
2039,Comercial,GM,S10,,,,,2023,1,8,Pick-up's Grandes
1303,Comercial,FIAT,FIORINO,,,,,2023,1,8,Furgões Pequenos
977,Comercial,FORD,RANGER,,,,,2023,1,8,Pick-up's Grandes
783,Comercial,MITSUBISHI,L200,,,,,2023,1,8,Pick-up's Grandes
716,Comercial,RENAULT,OROCH,,,,,2023,1,8,Pick-up's Grandes
664,Comercial,RENAULT,MASTER,,,,,2023,1,8,Furgões
661,Comercial,NISSAN,FRONTIER,,,,,2023,1,8,Pick-up's Grandes
567,Comercial,VW,AMAROK,,,,,2023,1,8,Pick-up's Grandes
277,Comercial,FIAT,SCUDO,,,,,2023,1,8,Furgões
270,Comercial,RAM,3500,,,,,2023,1,8,Pick-up's Grandes
260,Comercial,FORD,TRANSIT,,,,,2023,1,8,Furgões
214,Comercial,KIA,K2500,,,,,2023,1,8,Furgões
173,Comercial,CITROEN,JUMPY,,,,,2023,1,8,Furgões
166,Comercial,RAM,CLASSIC,,,,,2023,1,8,Sedans Pequenos
148,Comercial,PEUGEOT,EXPERT,,,,,2023,1,8,Furgões
134,Comercial,IVECO,DAILY,,,,,2023,1,8,Furgões
125,Comercial,VW,MAN/EXPRESS,,,,,2023,1,8,Caminhão
107,Comercial,RAM,2500,,,,,2023,1,8,Pick-up's Grandes
102,Comercial,PEUGEOT,PARTNER,,,,,2023,1,8,Furgões Pequenos
90,Comercial,GM,MONTANA,,,,,2023,1,8,Pick-up's Pequenas
79,Comercial,FORD,MAVERICK,,,,,2023,1,8,Pick-up's Grandes
64,Comercial,MBENZ,SPRINTER 315,,,,,2023,1,8,Furgões
62,Comercial,EFFA,V21,,,,,2023,1,8,Caminhão
50,Comercial,RAM,1500,,,,,2023,1,8,Pick-up's Grandes
23,Comercial,EFFA,V22,,,,,2023,1,8,Caminhão
16,Comercial,JEEP,GLADIATOR,,,,,2023,1,8,Pick-up's Grandes
12,Comercial,MBENZ,SPRINTER,,,,,2023,1,8,Furgões
10,Comercial,FIAT,DUCATO,,,,,2023,1,8,Outros
9,Comercial,IVECO,DAILY 30-130,,,,,2023,1,8,Caminhão
7,Comercial,BYD,T3,,,,,2023,1,8,Furgões
3,Comercial,FORD,F150,,,,,2023,1,8,Outros
3,Comercial,GMC,HUMMER EV EDITION 1,,,,,2023,1,8,Outros
3,Comercial,MBENZ,SPRINTER 416,,,,,2023,1,8,Outros
3,Comercial,TOYOTA,BANDEIRANTE,,,,,2023,1,8,Outros
3,Comercial,EFFA,V25,,,,,2023,1,8,Outros
3,Comercial,JAC,EJV55,,,,,2023,1,8,Outros
3,Comercial,JAC,IEV 330P,,,,,2023,1,8,Outros
3,Comercial,JAC,IEV750,,,,,2023,1,8,Outros
3,Comercial,FOTON,AUMARK 1039,,,,,2023,1,8,Outros
3,Comercial,FOTON,AUMARK 35-14DT,,,,,2023,1,8,Outros
2,Comercial,GM,SILVERADO,,,,,2023,1,8, Pick-up's Grandes
2,Comercial,GMC,SIERRA,,,,,2023,1,8,Outros
2,Comercial,HYUNDAI,HR,,,,,2023,1,8,Outros
2,Comercial,TOYOTA,TUNDRA,,,,,2023,1,8,Outros
1,Comercial,CITROEN,BERLINGO,,,,,2023,1,8,Outros
6084,Automoveis,GM,ONIX,,,,,2023,2,9,Hatch Pequenos
5125,Automoveis,GM,ONIX_PLUS,,,,,2023,2,9,Sedans Compactos
4606,Automoveis,HYUNDAI,CRETA,,,,,2023,2,9,SUV
4536,Automoveis,FIAT,ARGO,,,,,2023,2,9,Hatch Pequenos
4430,Automoveis,JEEP,COMPASS,,,,,2023,2,9,SUV
4294,Automoveis,VW,T_CROSS,,,,,2023,2,9,SUV
4074,Automoveis,FIAT,MOBI,,,,,2023,2,9,Entrada
3827,Automoveis,RENAULT,KWID,,,,,2023,2,9,Entrada
3769,Automoveis,GM,TRACKER,,,,,2023,2,9,SUV
3762,Automoveis,VW,POLO,,,,,2023,2,9,Hatch Pequenos
3495,Automoveis,NISSAN,KICKS,,,,,2023,2,9,SUV
3335,Automoveis,TOYOTA,COROLLA_CROSS,,,,,2023,2,9,SUV
3019,Automoveis,JEEP,RENEGADE,,,,,2023,2,9,SUV
2992,Automoveis,HYUNDAI,HB20,,,,,2023,2,9,Hatch Pequenos
2847,Automoveis,TOYOTA,COROLLA,,,,,2023,2,9,Sedans médios
2774,Automoveis,VW,NIVUS,,,,,2023,2,9,SUV
2761,Automoveis,FIAT,PULSE,,,,,2023,2,9,SUV
2393,Automoveis,FIAT,FASTBACK,,,,,2023,2,9,SUV
2152,Automoveis,RENAULT,DUSTER,,,,,2023,2,9,SUV
1709,Automoveis,HONDA,HR-V,,,,,2023,2,9,SUV
1653,Automoveis,FIAT,CRONOS,,,,,2023,2,9,Sedans Pequenos
1577,Automoveis,JEEP,COMMANDER,,,,,2023,2,9,SUV
1576,Automoveis,TOYOTA,YARIS_HB,,,,,2023,2,9,Hatch Pequenos
1313,Automoveis,CITROEN,C3,,,,,2023,2,9,Hatch Pequenos
1309,Automoveis,GM,SPIN,,,,,2023,2,9,Grandcab
1232,Automoveis,HONDA,CITY_HATCH,,,,,2023,2,9,Hatch Pequenos
1172,Automoveis,VW,GOL,,,,,2023,2,9,Entrada
1163,Automoveis,PEUGEOT,208,,,,,2023,2,9,Hatch Pequenos
1098,Automoveis,HYUNDAI,HB20S,,,,,2023,2,9,Sedans Pequenos
1084,Automoveis,HONDA,CITY,,,,,2023,2,9,Sedans Compactos
995,Automoveis,VW,TAOS,,,,,2023,2,9,SUV
915,Automoveis,TOYOTA,HILUX_SW4,,,,,2023,2,9,SUV
773,Automoveis,TOYOTA,YARIS_SEDAN,,,,,2023,2,9,Sedans Compactos
614,Automoveis,VW,VIRTUS,,,,,2023,2,9,Sedans Compactos
577,Automoveis,CAOA_CHERY,TIGGO_8,,,,,2023,2,9,SUV
392,Automoveis,RENAULT,SANDERO,,,,,2023,2,9,Hatch Pequenos
375,Automoveis,CAOA_CHERY,TIGGO_7,,,,,2023,2,9,SUV
370,Automoveis,NISSAN,VERSA,,,,,2023,2,9,Sedans Pequenos
330,Automoveis,BMW,320I,,,,,2023,2,9,Sedans Grandes
293,Automoveis,CAOA_CHERY,TIGGO_5X,,,,,2023,2,9,SUV
289,Automoveis,CITROEN,C4_CACTUS,,,,,2023,2,9,SUV
269,Automoveis,GM,EQUINOX,,,,,2023,2,9,SUV
234,Automoveis,MITSUBISHI,ECLIPSE_CROSS,,,,,2023,2,9,SUV
198,Automoveis,VOLVO,XC60,,,,,2023,2,9,SUV
180,Automoveis,VOLVO,XC40,,,,,2023,2,9,SUV
157,Automoveis,HONDA,CIVIC,,,,,2023,2,9,Sedans médios
145,Automoveis,BYD,SONG_PLUS,,,,,2023,2,9,SUV
124,Automoveis,AUDI,Q5,,,,,2023,2,9,SUV
124,Automoveis,MITSUBISHI,PAJERO,,,,,2023,2,9,SUV
6837,Comercial,FIAT,STRADA,,,,,2023,2,9,Pick-up's Pequenas
3191,Comercial,FIAT,TORO,,,,,2023,2,9,Pick-up's Grandes
2814,Comercial,TOYOTA,HILUX,,,,,2023,2,9,Pick-up's Grandes
2092,Comercial,VW,SAVEIRO,,,,,2023,2,9,Pick-up's Pequenas
1512,Comercial,GM,S10,,,,,2023,2,9,Pick-up's Grandes
1025,Comercial,FORD,RANGER,,,,,2023,2,9,Pick-up's Grandes
911,Comercial,FIAT,FIORINO,,,,,2023,2,9,Furgões Pequenos
787,Comercial,MITSUBISHI,L200,,,,,2023,2,9,Pick-up's Grandes
718,Comercial,RENAULT,OROCH,,,,,2023,2,9,Pick-up's Grandes
482,Comercial,RENAULT,MASTER,,,,,2023,2,9,Furgões
453,Comercial,VW,AMAROK,,,,,2023,2,9,Pick-up's Grandes
429,Comercial,NISSAN,FRONTIER,,,,,2023,2,9,Pick-up's Grandes
350,Comercial,GM,MONTANA,,,,,2023,2,9,Pick-up's Pequenas
248,Comercial,CITROEN,JUMPY,,,,,2023,2,9,Furgões
239,Comercial,RAM,3500,,,,,2023,2,9,Pick-up's Grandes
224,Comercial,FIAT,SCUDO,,,,,2023,2,9,Furgões
222,Comercial,FORD,TRANSIT,,,,,2023,2,9,Furgões
208,Comercial,KIA,K2500,,,,,2023,2,9,Furgões
161,Comercial,RAM,CLASSIC,,,,,2023,2,9,Sedans Pequenos
146,Comercial,RAM,2500,,,,,2023,2,9,Pick-up's Grandes
123,Comercial,FORD,MAVERICK,,,,,2023,2,9,Pick-up's Grandes
122,Comercial,RAM,1500,,,,,2023,2,9,Pick-up's Grandes
114,Comercial,PEUGEOT,EXPERT,,,,,2023,2,9,Furgões
112,Comercial,IVECO,DAILY,,,,,2023,2,9,Furgões
112,Comercial,VW,MAN/EXPRESS,,,,,2023,2,9,Caminhão
85,Comercial,MBENZ,SPRINTER 315,,,,,2023,2,9,Furgões
65,Comercial,PEUGEOT,PARTNER,,,,,2023,2,9,Furgões Pequenos
56,Comercial,EFFA,V21,,,,,2023,2,9,Caminhão
18,Comercial,IVECO,DAILY 30-130,,,,,2023,2,9,Caminhão
16,Comercial,EFFA,V22,,,,,2023,2,9,Caminhão
14,Comercial,PEUGEOT,BOXER,,,,,2023,2,9,Furgões
11,Comercial,BYD,T3,,,,,2023,2,9,Furgões
8,Comercial,CITROEN,JUMPER,,,,,2023,2,9,Furgões
8,Comercial,FIAT,DUCATO,,,,,2023,2,9,Outros
6,Comercial,JEEP,GLADIATOR,,,,,2023,2,9,Pick-up's Grandes
5,Comercial,MBENZ,SPRINTER,,,,,2023,2,9,Furgões
4,Comercial,MBENZ,SPRINTER 416,,,,,2023,2,9,Outros
3,Comercial,EFFA,V25,,,,,2023,2,9,Outros
2,Comercial,FORD,F150,,,,,2023,2,9,Outros
2,Comercial,VW,KOMBI,,,,,2023,2,9,Outros
1,Comercial,FORD,F250,,,,,2023,2,9,Outros
1,Comercial,GM,C10,,,,,2023,2,9,Outros
1,Comercial,GM,D10,,,,,2023,2,9,Outros
1,Comercial,IVECO,DAILY 30S13,,,,,2023,2,9,Outros
1,Comercial,IVECO,DAILY 5516,,,,,2023,2,9,Outros
1,Comercial,MBENZ,SPRINTER 314,,,,,2023,2,9,Outros
1,Comercial,TOYOTA,RIBEIRAUTO,,,,,2023,2,9,Outros
1,Comercial,TOYOTA,TUNDRA,,,,,2023,2,9,Outros
1,Comercial,JAC,IEV750,,,,,2023,2,9,Outros
8363,Automoveis,HYUNDAI,HB20,,,,,2023,3,10,Hatch Pequenos
8283,Automoveis,GM,ONIX,,,,,2023,3,10,Hatch Pequenos
8197,Automoveis,VW,POLO,,,,,2023,3,10,Hatch Pequenos
7104,Automoveis,GM,ONIX_PLUS,,,,,2023,3,10,Sedans Compactos
6988,Automoveis,JEEP,COMPASS,,,,,2023,3,10,SUV
6704,Automoveis,RENAULT,KWID,,,,,2023,3,10,Entrada
6384,Automoveis,FIAT,MOBI,,,,,2023,3,10,Entrada
6171,Automoveis,FIAT,ARGO,,,,,2023,3,10,Hatch Pequenos
5851,Automoveis,HYUNDAI,CRETA,,,,,2023,3,10,SUV
5431,Automoveis,GM,TRACKER,,,,,2023,3,10,SUV
5420,Automoveis,VW,T_CROSS,,,,,2023,3,10,SUV
4844,Automoveis,NISSAN,KICKS,,,,,2023,3,10,SUV
4674,Automoveis,JEEP,RENEGADE,,,,,2023,3,10,SUV
4511,Automoveis,TOYOTA,COROLLA_CROSS,,,,,2023,3,10,SUV
4276,Automoveis,FIAT,PULSE,,,,,2023,3,10,SUV
4063,Automoveis,HONDA,HR-V,,,,,2023,3,10,SUV
3865,Automoveis,TOYOTA,COROLLA,,,,,2023,3,10,Sedans médios
3605,Automoveis,FIAT,FASTBACK,,,,,2023,3,10,SUV
3442,Automoveis,FIAT,CRONOS,,,,,2023,3,10,Sedans Pequenos
3210,Automoveis,VW,NIVUS,,,,,2023,3,10,SUV
2522,Automoveis,JEEP,COMMANDER,,,,,2023,3,10,SUV
2101,Automoveis,PEUGEOT,208,,,,,2023,3,10,Hatch Pequenos
2035,Automoveis,CITROEN,C3,,,,,2023,3,10,Hatch Pequenos
2031,Automoveis,RENAULT,DUSTER,,,,,2023,3,10,SUV
2025,Automoveis,HYUNDAI,HB20S,,,,,2023,3,10,Sedans Pequenos
2016,Automoveis,TOYOTA,YARIS_HB,,,,,2023,3,10,Hatch Pequenos
1781,Automoveis,GM,SPIN,,,,,2023,3,10,Grandcab
1562,Automoveis,VW,VIRTUS,,,,,2023,3,10,Sedans Compactos
1412,Automoveis,TOYOTA,HILUX_SW4,,,,,2023,3,10,SUV
1340,Automoveis,HONDA,CITY_HATCH,,,,,2023,3,10,Hatch Pequenos
1249,Automoveis,HONDA,CITY,,,,,2023,3,10,Sedans Compactos
932,Automoveis,TOYOTA,YARIS_SEDAN,,,,,2023,3,10,Sedans Compactos
855,Automoveis,VW,TAOS,,,,,2023,3,10,SUV
741,Automoveis,NISSAN,VERSA,,,,,2023,3,10,Sedans Pequenos
741,Automoveis,VW,GOL,,,,,2023,3,10,Entrada
658,Automoveis,RENAULT,SANDERO,,,,,2023,3,10,Hatch Pequenos
653,Automoveis,CAOA_CHERY,TIGGO_8,,,,,2023,3,10,SUV
564,Automoveis,CITROEN,C4_CACTUS,,,,,2023,3,10,SUV
551,Automoveis,BMW,320I,,,,,2023,3,10,Sedans Grandes
504,Automoveis,VOLVO,XC60,,,,,2023,3,10,SUV
479,Automoveis,CAOA_CHERY,TIGGO_5X,,,,,2023,3,10,SUV
475,Automoveis,CAOA_CHERY,TIGGO_7,,,,,2023,3,10,SUV
453,Automoveis,NISSAN,SENTRA,,,,,2023,3,10,Sedans médios
342,Automoveis,GM,EQUINOX,,,,,2023,3,10,SUV
258,Automoveis,MITSUBISHI,ECLIPSE_CROSS,,,,,2023,3,10,SUV
245,Automoveis,BMW,X1,,,,,2023,3,10,SUV
240,Automoveis,RENAULT,LOGAN,,,,,2023,3,10,Sedans Pequenos
228,Automoveis,PORSCHE,MACAN,,,,,2023,3,10,SUV
210,Automoveis,GM,TRAILBLAZER,,,,,2023,3,10,SUV
9935,Comercial,FIAT,STRADA,,,,,2023,3,10,Pick-up's Pequenas
5607,Comercial,FIAT,TORO,,,,,2023,3,10,Pick-up's Grandes
4362,Comercial,TOYOTA,HILUX,,,,,2023,3,10,Pick-up's Grandes
3988,Comercial,GM,MONTANA,,,,,2023,3,10,Pick-up's Pequenas
2701,Comercial,GM,S10,,,,,2023,3,10,Pick-up's Grandes
2637,Comercial,VW,SAVEIRO,,,,,2023,3,10,Pick-up's Pequenas
1978,Comercial,FORD,RANGER,,,,,2023,3,10,Pick-up's Grandes
1634,Comercial,FIAT,FIORINO,,,,,2023,3,10,Furgões Pequenos
1208,Comercial,RENAULT,OROCH,,,,,2023,3,10,Pick-up's Grandes
952,Comercial,MITSUBISHI,L200,,,,,2023,3,10,Pick-up's Grandes
789,Comercial,RENAULT,MASTER,,,,,2023,3,10,Furgões
601,Comercial,VW,AMAROK,,,,,2023,3,10,Pick-up's Grandes
571,Comercial,NISSAN,FRONTIER,,,,,2023,3,10,Pick-up's Grandes
553,Comercial,RAM,3500,,,,,2023,3,10,Pick-up's Grandes
378,Comercial,FIAT,SCUDO,,,,,2023,3,10,Furgões
337,Comercial,FORD,TRANSIT,,,,,2023,3,10,Furgões
286,Comercial,KIA,K2500,,,,,2023,3,10,Furgões
251,Comercial,RAM,CLASSIC,,,,,2023,3,10,Sedans Pequenos
231,Comercial,CITROEN,JUMPY,,,,,2023,3,10,Furgões
224,Comercial,VW,MAN/EXPRESS,,,,,2023,3,10,Caminhão
191,Comercial,RAM,2500,,,,,2023,3,10,Pick-up's Grandes
176,Comercial,RAM,1500,,,,,2023,3,10,Pick-up's Grandes
157,Comercial,MBENZ,SPRINTER 315,,,,,2023,3,10,Furgões
154,Comercial,PEUGEOT,EXPERT,,,,,2023,3,10,Furgões
125,Comercial,IVECO,DAILY,,,,,2023,3,10,Furgões
85,Comercial,PEUGEOT,PARTNER,,,,,2023,3,10,Furgões Pequenos
80,Comercial,FORD,MAVERICK,,,,,2023,3,10,Pick-up's Grandes
70,Comercial,EFFA,V21,,,,,2023,3,10,Caminhão
46,Comercial,EFFA,V22,,,,,2023,3,10,Caminhão
15,Comercial,IVECO,DAILY 30-130,,,,,2023,3,10,Caminhão
11,Comercial,PEUGEOT,BOXER,,,,,2023,3,10,Furgões
9,Comercial,JEEP,GLADIATOR,,,,,2023,3,10,Pick-up's Grandes
7,Comercial,FORD,F150,,,,,2023,3,10,Pick-up's Grandes
7,Comercial,EFFA,V25,,,,,2023,3,10,Furgões
5,Comercial,CITROEN,JUMPER,,,,,2023,3,10,Furgões
4,Comercial,MBENZ,SPRINTER,,,,,2023,3,10,Furgões
4,Comercial,MBENZ,SPRINTER 517,,,,,2023,3,10,Furgões
4,Comercial,BYD,T3,,,,,2023,3,10,Furgões
3,Comercial,FIAT,DUCATO,,,,,2023,3,10,Furgões
3,Comercial,IVECO,DAILY 35-150,,,,,2023,3,10,Caminhão
3,Comercial,MBENZ,SPRINTER 416,,,,,2023,3,10,Furgões
3,Comercial,VW,KOMBI,,,,,2023,3,10,Outros
3,Comercial,FOTON,AUMARK 35-14DT,,,,,2023,3,10,Pick-up's Grandes
2,Comercial,AGRALE,AGRALE MARRUA,,,,,2023,3,10,Pick-up's Grandes
2,Comercial,MBENZ,SPRINTER 314,,,,,2023,3,10,Furgões
2,Comercial,TOYOTA,BANDEIRANTE,,,,,2023,3,10,Pick-up's Grandes
1,Comercial,FORD,F250,,,,,2023,3,10,Pick-up's Grandes
1,Comercial,GM,C10,,,,,2023,3,10,Pick-up's Grandes
1,Comercial,GM,SILVERADO,,,,,2023,3,10, Pick-up's Grandes
7376,Automoveis,GM,ONIX,,,,,2023,4,11,Hatch Pequenos
7143,Automoveis,HYUNDAI,HB20,,,,,2023,4,11,Hatch Pequenos
6063,Automoveis,VW,POLO,,,,,2023,4,11,Hatch Pequenos
5475,Automoveis,FIAT,ARGO,,,,,2023,4,11,Hatch Pequenos
5295,Automoveis,GM,ONIX_PLUS,,,,,2023,4,11,Sedans Compactos
4898,Automoveis,JEEP,COMPASS,,,,,2023,4,11,SUV
4688,Automoveis,HONDA,HR-V,,,,,2023,4,11,SUV
4686,Automoveis,FIAT,MOBI,,,,,2023,4,11,Entrada
4660,Automoveis,HYUNDAI,CRETA,,,,,2023,4,11,SUV
4592,Automoveis,VW,T_CROSS,,,,,2023,4,11,SUV
4152,Automoveis,RENAULT,KWID,,,,,2023,4,11,Entrada
4078,Automoveis,GM,TRACKER,,,,,2023,4,11,SUV
3946,Automoveis,TOYOTA,COROLLA_CROSS,,,,,2023,4,11,SUV
3702,Automoveis,VW,NIVUS,,,,,2023,4,11,SUV
3701,Automoveis,FIAT,CRONOS,,,,,2023,4,11,Sedans Pequenos
3504,Automoveis,FIAT,PULSE,,,,,2023,4,11,SUV
3261,Automoveis,TOYOTA,COROLLA,,,,,2023,4,11,Sedans médios
3219,Automoveis,JEEP,RENEGADE,,,,,2023,4,11,SUV
3055,Automoveis,NISSAN,KICKS,,,,,2023,4,11,SUV
2466,Automoveis,FIAT,FASTBACK,,,,,2023,4,11,SUV
2091,Automoveis,VW,VIRTUS,,,,,2023,4,11,Sedans Compactos
1965,Automoveis,CITROEN,C3,,,,,2023,4,11,Hatch Pequenos
1916,Automoveis,HYUNDAI,HB20S,,,,,2023,4,11,Sedans Pequenos
1901,Automoveis,PEUGEOT,208,,,,,2023,4,11,Hatch Pequenos
1835,Automoveis,JEEP,COMMANDER,,,,,2023,4,11,SUV
1818,Automoveis,TOYOTA,YARIS_HB,,,,,2023,4,11,Hatch Pequenos
1377,Automoveis,RENAULT,DUSTER,,,,,2023,4,11,SUV
1113,Automoveis,TOYOTA,HILUX_SW4,,,,,2023,4,11,SUV
1084,Automoveis,GM,SPIN,,,,,2023,4,11,Grandcab
964,Automoveis,HONDA,CITY,,,,,2023,4,11,Sedans Compactos
891,Automoveis,TOYOTA,YARIS_SEDAN,,,,,2023,4,11,Sedans Compactos
867,Automoveis,HONDA,CITY_HATCH,,,,,2023,4,11,Hatch Pequenos
792,Automoveis,VW,TAOS,,,,,2023,4,11,SUV
632,Automoveis,NISSAN,VERSA,,,,,2023,4,11,Sedans Pequenos
544,Automoveis,CAOA_CHERY,TIGGO_8,,,,,2023,4,11,SUV
516,Automoveis,CAOA_CHERY,TIGGO_5X,,,,,2023,4,11,SUV
450,Automoveis,NISSAN,SENTRA,,,,,2023,4,11,Sedans médios
419,Automoveis,RENAULT,SANDERO,,,,,2023,4,11,Hatch Pequenos
418,Automoveis,CAOA_CHERY,TIGGO_7,,,,,2023,4,11,SUV
367,Automoveis,BMW,X1,,,,,2023,4,11,SUV
344,Automoveis,CITROEN,C4_CACTUS,,,,,2023,4,11,SUV
336,Automoveis,BMW,320I,,,,,2023,4,11,Sedans Grandes
318,Automoveis,VW,GOL,,,,,2023,4,11,Entrada
292,Automoveis,GM,EQUINOX,,,,,2023,4,11,SUV
231,Automoveis,GM,TRAILBLAZER,,,,,2023,4,11,SUV
206,Automoveis,MITSUBISHI,ECLIPSE_CROSS,,,,,2023,4,11,SUV
185,Automoveis,AUDI,Q5,,,,,2023,4,11,SUV
157,Automoveis,VOLVO,XC60,,,,,2023,4,11,SUV
149,Automoveis,PORSCHE,MACAN,,,,,2023,4,11,SUV
145,Automoveis,PORSCHE,CAYENNE,,,,,2023,4,11,SUV
8051,Comercial,FIAT,STRADA,,,,,2023,4,11,Pick-up's Pequenas
3812,Comercial,FIAT,TORO,,,,,2023,4,11,Pick-up's Grandes
3199,Comercial,TOYOTA,HILUX,,,,,2023,4,11,Pick-up's Grandes
3152,Comercial,VW,SAVEIRO,,,,,2023,4,11,Pick-up's Pequenas
3087,Comercial,GM,MONTANA,,,,,2023,4,11,Pick-up's Pequenas
2752,Comercial,GM,S10,,,,,2023,4,11,Pick-up's Grandes
1374,Comercial,FIAT,FIORINO,,,,,2023,4,11,Furgões Pequenos
1361,Comercial,FORD,RANGER,,,,,2023,4,11,Pick-up's Grandes
1158,Comercial,RENAULT,OROCH,,,,,2023,4,11,Pick-up's Grandes
887,Comercial,RENAULT,MASTER,,,,,2023,4,11,Furgões
810,Comercial,MITSUBISHI,L200,,,,,2023,4,11,Pick-up's Grandes
716,Comercial,VW,AMAROK,,,,,2023,4,11,Pick-up's Grandes
550,Comercial,RAM,3500,,,,,2023,4,11,Pick-up's Grandes
452,Comercial,NISSAN,FRONTIER,,,,,2023,4,11,Pick-up's Grandes
307,Comercial,FIAT,SCUDO,,,,,2023,4,11,Furgões
286,Comercial,FORD,TRANSIT,,,,,2023,4,11,Furgões
194,Comercial,KIA,K2500,,,,,2023,4,11,Furgões
169,Comercial,FORD,MAVERICK,,,,,2023,4,11,Pick-up's Grandes
168,Comercial,CITROEN,JUMPY,,,,,2023,4,11,Furgões
159,Comercial,VW,MAN/EXPRESS,,,,,2023,4,11,Caminhão
134,Comercial,MBENZ,SPRINTER 315,,,,,2023,4,11,Furgões
129,Comercial,RAM,CLASSIC,,,,,2023,4,11,Sedans Pequenos
117,Comercial,IVECO,DAILY,,,,,2023,4,11,Furgões
82,Comercial,RAM,2500,,,,,2023,4,11,Pick-up's Grandes
81,Comercial,RAM,1500,,,,,2023,4,11,Pick-up's Grandes
76,Comercial,PEUGEOT,EXPERT,,,,,2023,4,11,Furgões
71,Comercial,PEUGEOT,PARTNER,,,,,2023,4,11,Furgões Pequenos
59,Comercial,EFFA,V21,,,,,2023,4,11,Caminhão
28,Comercial,FIAT,DUCATO,,,,,2023,4,11,Furgões
28,Comercial,EFFA,V22,,,,,2023,4,11,Caminhão
25,Comercial,KIA,UK2500,,,,,2023,4,11,Caminhão
16,Comercial,JEEP,GLADIATOR,,,,,2023,4,11,Pick-up's Grandes
15,Comercial,FORD,F150,,,,,2023,4,11,Pick-up's Grandes
15,Comercial,IVECO,DAILY 30-130,,,,,2023,4,11,Caminhão
12,Comercial,PEUGEOT,BOXER,,,,,2023,4,11,Furgões
11,Comercial,MBENZ,SPRINTER,,,,,2023,4,11,Furgões
8,Comercial,BYD,T3,,,,,2023,4,11,Furgões
5,Comercial,CITROEN,JUMPER,,,,,2023,4,11,Furgões
4,Comercial,MBENZ,SPRINTER 416,,,,,2023,4,11,Furgões
4,Comercial,VW,KOMBI,,,,,2023,4,11,Outros
4,Comercial,EFFA,V25,,,,,2023,4,11,Furgões
3,Comercial,JAC,EJV55,,,,,2023,4,11,Furgões
2,Comercial,GMC,HUMMER EV EDITION 1,,,,,2023,4,11,Pick-up's Grandes
2,Comercial,HYUNDAI,HR,,,,,2023,4,11,Caminhão
2,Comercial,IVECO,DAILY 35-150,,,,,2023,4,11,Caminhão
2,Comercial,IVECO,DAILY 5516,,,,,2023,4,11,Caminhão
2,Comercial,MBENZ,SPRINTER 417,,,,,2023,4,11,Furgões
2,Comercial,MBENZ,SPRINTER 517,,,,,2023,4,11,Furgões
2,Comercial,JAC,IEV750,,,,,2023,4,11,Furgões
1,Comercial,GM,C10,,,,,2023,4,11,Pick-up's Grandes
7636,Automoveis,VW,POLO,,,,,2023,5,12,Hatch Pequenos
6947,Automoveis,GM,ONIX,,,,,2023,5,12,Hatch Pequenos
6012,Automoveis,VW,T_CROSS,,,,,2023,5,12,SUV
5624,Automoveis,GM,ONIX_PLUS,,,,,2023,5,12,Sedans Compactos
5560,Automoveis,JEEP,COMPASS,,,,,2023,5,12,SUV
5436,Automoveis,GM,TRACKER,,,,,2023,5,12,SUV
5268,Automoveis,HYUNDAI,CRETA,,,,,2023,5,12,SUV
4710,Automoveis,FIAT,ARGO,,,,,2023,5,12,Hatch Pequenos
4578,Automoveis,HONDA,HR-V,,,,,2023,5,12,SUV
4340,Automoveis,VW,NIVUS,,,,,2023,5,12,SUV
4279,Automoveis,JEEP,RENEGADE,,,,,2023,5,12,SUV
4245,Automoveis,HYUNDAI,HB20,,,,,2023,5,12,Hatch Pequenos
4212,Automoveis,NISSAN,KICKS,,,,,2023,5,12,SUV
4196,Automoveis,FIAT,MOBI,,,,,2023,5,12,Entrada
3891,Automoveis,TOYOTA,COROLLA,,,,,2023,5,12,Sedans médios
3731,Automoveis,TOYOTA,COROLLA_CROSS,,,,,2023,5,12,SUV
3490,Automoveis,FIAT,PULSE,,,,,2023,5,12,SUV
2950,Automoveis,FIAT,CRONOS,,,,,2023,5,12,Sedans Pequenos
2943,Automoveis,FIAT,FASTBACK,,,,,2023,5,12,SUV
2744,Automoveis,VW,VIRTUS,,,,,2023,5,12,Sedans Compactos
2725,Automoveis,RENAULT,KWID,,,,,2023,5,12,Entrada
2463,Automoveis,PEUGEOT,208,,,,,2023,5,12,Hatch Pequenos
2458,Automoveis,TOYOTA,YARIS_HB,,,,,2023,5,12,Hatch Pequenos
2231,Automoveis,RENAULT,DUSTER,,,,,2023,5,12,SUV
1955,Automoveis,JEEP,COMMANDER,,,,,2023,5,12,SUV
1607,Automoveis,CITROEN,C3,,,,,2023,5,12,Hatch Pequenos
1535,Automoveis,VW,TAOS,,,,,2023,5,12,SUV
1492,Automoveis,GM,SPIN,,,,,2023,5,12,Grandcab
1384,Automoveis,HYUNDAI,HB20S,,,,,2023,5,12,Sedans Pequenos
1238,Automoveis,TOYOTA,HILUX_SW4,,,,,2023,5,12,SUV
1151,Automoveis,HONDA,CITY,,,,,2023,5,12,Sedans Compactos
1068,Automoveis,TOYOTA,YARIS_SEDAN,,,,,2023,5,12,Sedans Compactos
968,Automoveis,HONDA,CITY_HATCH,,,,,2023,5,12,Hatch Pequenos
960,Automoveis,GWM,HAVAL,,,,,2023,5,12,Hatch Pequenos
675,Automoveis,CAOA_CHERY,TIGGO_8,,,,,2023,5,12,SUV
674,Automoveis,NISSAN,VERSA,,,,,2023,5,12,Sedans Pequenos
644,Automoveis,CAOA_CHERY,TIGGO_5X,,,,,2023,5,12,SUV
636,Automoveis,NISSAN,SENTRA,,,,,2023,5,12,Sedans médios
598,Automoveis,RENAULT,SANDERO,,,,,2023,5,12,Hatch Pequenos
582,Automoveis,CAOA_CHERY,TIGGO_7,,,,,2023,5,12,SUV
509,Automoveis,BMW,X1,,,,,2023,5,12,SUV
420,Automoveis,BMW,320I,,,,,2023,5,12,Sedans Grandes
380,Automoveis,VOLVO,XC60,,,,,2023,5,12,SUV
349,Automoveis,GM,EQUINOX,,,,,2023,5,12,SUV
322,Automoveis,BYD,SONG_PLUS,,,,,2023,5,12,SUV
253,Automoveis,PORSCHE,CAYENNE,,,,,2023,5,12,SUV
238,Automoveis,CITROEN,C4_CACTUS,,,,,2023,5,12,SUV
225,Automoveis,VW,GOL,,,,,2023,5,12,Entrada
211,Automoveis,MITSUBISHI,ECLIPSE_CROSS,,,,,2023,5,12,SUV
